"Player","Team","POS","ATT","YDS","TDS","REC","YDS","TDS","FL","FPTS"
" "," ","","",""
"Christian McCaffrey","SF","RB1","216.1","984.8","7.2","74.6","617.1","4.1","0.5","227.0"
"Austin Ekeler","LAC","RB2","189.7","852.4","9.2","77.9","594.8","3.8","1.4","219.5"
"Nick Chubb","CLE","RB3","276.9","1,378.4","8.8","28.9","235.7","1.1","1.1","218.2"
"Derrick Henry","TEN","RB4","308.4","1,346.3","9.1","32.1","268.6","0.8","1.8","217.7"
"Tony Pollard","DAL","RB5","224.7","1,108.9","8.2","46.1","377.3","2.3","0.5","210.3"
"Josh Jacobs","LV","RB6","259.1","1,207.2","9.3","39.0","282.6","0.8","1.1","207.7"
"Bijan Robinson","ATL","RB7","244.9","1,159.5","8.4","40.6","327.5","1.9","1.9","207.0"
"Saquon Barkley","NYG","RB8","251.1","1,116.3","7.6","53.3","371.3","1.7","0.7","203.0"
"Justin Jefferson","MIN","WR1","3.6","18.9","0.3","111.3","1,487.9","7.8","0.3","198.7"
"Ja'Marr Chase","CIN","WR2","4.6","23.1","0.1","105.6","1,357.7","9.7","1.1","194.8"
"Tyreek Hill","MIA","WR3","8.8","53.1","0.5","106.5","1,366.6","7.6","0.3","190.0"
"Joe Mixon","CIN","RB9","224.8","936.3","7.2","49.6","358.8","2.0","0.6","183.5"
"Travis Kelce","KC","TE1","0.0","2.3","0.0","104.1","1,227.6","9.9","0.6","181.2"
"CeeDee Lamb","DAL","WR4","8.4","53.5","0.3","99.5","1,272.8","7.3","0.3","177.7"
"Aaron Jones","GB","RB10","198.1","969.1","5.3","49.3","363.9","2.5","1.3","177.5"
"Rhamondre Stevenson","NE","RB11","205.6","982.1","5.8","55.1","372.6","1.4","1.0","176.4"
"Davante Adams","LV","WR5","1.8","7.7","0.1","94.2","1,242.7","8.2","0.3","174.0"
"Najee Harris","PIT","RB12","250.4","989.2","6.3","38.2","253.0","2.1","0.9","172.7"
"Stefon Diggs","BUF","WR6","0.5","2.8","0.0","97.1","1,240.7","8.0","0.4","171.8"
"Travis Etienne Jr.","JAC","RB13","215.1","1,056.1","6.1","36.2","285.7","0.9","2.5","171.6"
"Cooper Kupp","LAR","WR7","7.6","71.3","0.8","99.7","1,185.1","7.1","0.7","171.5"
"Alexander Mattison","MIN","RB14","212.4","910.6","7.8","33.6","225.3","1.5","0.9","167.4"
"Kenneth Walker III","SEA","RB15","223.9","1,010.0","7.7","26.0","170.5","0.6","0.4","167.3"
"A.J. Brown","PHI","WR8","0.3","3.4","0.0","78.0","1,173.8","8.0","0.6","165.0"
"James Conner","ARI","RB16","210.9","891.7","6.5","40.8","294.9","1.1","0.8","162.6"
"Dameon Pierce","HOU","RB17","257.3","1,052.2","5.6","32.4","209.1","1.1","2.0","162.1"
"Jahmyr Gibbs","DET","RB18","175.7","768.2","6.2","44.6","345.3","1.9","1.4","157.4"
"J.K. Dobbins","BAL","RB19","172.9","900.8","6.7","24.9","174.1","1.6","0.4","156.6"
"Jaylen Waddle","MIA","WR9","4.0","33.7","0.2","80.8","1,147.8","6.2","0.7","155.6"
"Amon-Ra St. Brown","DET","WR10","7.9","61.7","0.5","101.3","1,128.8","5.6","0.2","155.0"
"Miles Sanders","CAR","RB20","214.0","984.8","5.6","29.6","201.1","0.7","1.4","154.1"
"Breece Hall","NYJ","RB21","170.1","800.0","5.3","36.2","318.7","1.8","1.1","152.1"
"Isiah Pacheco","KC","RB22","194.2","933.6","6.4","24.4","198.7","0.7","1.9","151.9"
"Garrett Wilson","NYJ","WR11","2.2","6.2","0.0","85.8","1,142.6","6.4","0.7","151.9"
"Cam Akers","MIN","RB23","229.4","954.7","6.1","24.0","193.9","0.6","2.1","150.7"
"Rachaad White","TB","RB24","202.3","821.0","4.5","48.5","330.9","1.8","2.5","148.0"
"Chris Olave","NO","WR12","0.0","0.1","0.0","83.0","1,138.7","5.7","1.2","145.9"
"Jonathan Taylor","IND","RB25","195.4","937.1","5.7","24.8","171.0","0.6","1.6","145.7"
"Deebo Samuel","SF","WR13","40.9","242.5","2.3","68.4","859.3","4.0","1.3","145.5"
"David Montgomery","DET","RB26","191.8","765.2","6.1","33.4","271.4","1.1","1.0","145.0"
"James Cook","BUF","RB27","162.7","813.6","4.7","35.5","263.2","1.7","1.4","143.5"
"Tee Higgins","CIN","WR14","0.5","2.2","0.0","80.4","1,056.0","6.3","0.3","143.4"
"Christian Watson","GB","WR15","8.2","66.1","0.9","69.4","942.4","6.0","0.2","141.9"
"Amari Cooper","CLE","WR16","0.5","1.4","0.0","73.3","1,006.8","6.8","0.1","141.3"
"DK Metcalf","SEA","WR17","0.1","1.0","0.0","83.0","1,006.3","6.9","0.7","140.4"
"Javonte Williams","DEN","RB28","173.3","801.7","4.7","37.0","253.2","1.4","1.5","138.9"
"DeVonta Smith","PHI","WR18","0.0","0.1","0.0","83.3","1,029.9","6.0","0.6","138.0"
"Calvin Ridley","JAC","WR19","2.1","7.4","0.0","80.7","999.5","6.3","0.5","137.6"
"Alvin Kamara","NO","RB29","171.4","701.2","3.5","41.8","359.5","1.7","1.2","134.5"
"DJ Moore","CHI","WR20","5.7","35.6","0.1","67.5","922.0","6.3","0.3","133.3"
"Mike Williams","LAC","WR21","0.9","4.4","0.0","70.5","955.9","5.8","0.1","130.6"
"Mike Evans","TB","WR22","0.0","6.7","0.0","70.8","969.3","5.5","0.1","130.1"
"Keenan Allen","LAC","WR23","1.3","7.2","0.0","90.9","976.6","5.4","0.6","129.7"
"Raheem Mostert","MIA","RB30","158.7","779.1","4.3","30.8","204.9","1.2","1.0","129.6"
"Khalil Herbert","CHI","RB31","168.8","831.5","4.8","21.1","137.7","0.7","0.4","129.5"
"Mark Andrews","BAL","TE2","0.0","11.9","0.1","74.8","891.1","6.5","0.2","129.5"
"Terry McLaurin","WAS","WR24","3.2","19.9","0.1","71.8","980.7","4.5","0.2","126.8"
"AJ Dillon","GB","RB32","165.8","716.1","5.4","24.8","190.4","0.7","0.6","126.0"
"Brian Robinson Jr.","WAS","RB33","208.0","869.9","4.3","16.2","103.4","0.6","0.5","125.7"
"Christian Kirk","JAC","WR25","3.3","20.0","0.1","74.2","897.1","5.6","0.5","124.9"
"DeAndre Hopkins","TEN","WR26","0.1","1.0","0.0","77.1","952.1","5.0","0.7","124.1"
"D'Andre Swift","PHI","RB34","115.2","541.7","4.5","40.0","319.5","1.7","0.8","121.8"
"Brandon Aiyuk","SF","WR27","2.6","17.3","0.2","65.5","882.2","5.2","0.6","121.0"
"Tyler Lockett","SEA","WR28","0.2","0.7","0.0","76.3","889.4","5.5","0.5","121.0"
"Jerry Jeudy","DEN","WR29","1.4","13.9","0.0","66.8","925.9","4.5","0.2","120.7"
"Jamaal Williams","NO","RB35","155.5","719.6","5.8","16.6","116.3","0.5","0.9","119.3"
"Drake London","ATL","WR30","0.0","0.1","0.0","75.8","911.1","5.2","1.7","118.8"
"Jahan Dotson","WAS","WR31","2.9","10.6","0.1","60.1","830.0","5.6","0.2","118.1"
"T.J. Hockenson","MIN","TE3","0.0","0.7","0.0","80.9","840.3","5.8","0.5","117.7"
"Chris Godwin","TB","WR32","2.6","13.0","0.1","89.0","935.9","3.8","0.7","117.4"
"Samaje Perine","DEN","RB36","153.8","638.7","3.8","29.0","226.1","1.4","0.4","117.1"
"George Pickens","PIT","WR33","2.6","17.1","0.4","57.7","836.3","4.9","0.2","116.7"
"Gabe Davis","BUF","WR34","0.0","0.7","0.0","51.6","804.9","6.1","0.4","116.5"
"Diontae Johnson","PIT","WR35","4.3","24.4","0.0","81.0","896.5","4.0","0.5","115.5"
"Marquise Brown","ARI","WR36","1.3","8.3","0.0","76.5","878.7","4.3","0.2","114.6"
"George Kittle","SF","TE4","0.0","4.3","0.0","61.3","786.9","5.9","0.5","113.8"
"Antonio Gibson","WAS","RB37","138.2","554.0","3.5","42.6","304.0","1.4","1.0","113.0"
"Darren Waller","NYG","TE5","0.0","1.1","0.0","67.0","823.5","5.1","0.3","112.5"
"Michael Pittman Jr.","IND","WR37","2.2","20.6","0.0","77.5","856.1","4.0","0.5","110.6"
"Brandin Cooks","DAL","WR38","2.9","18.6","0.1","62.4","790.4","4.5","0.1","108.4"
"Courtland Sutton","DEN","WR39","0.4","2.5","0.0","62.4","811.2","4.2","0.1","106.3"
"Jordan Addison","MIN","WR40","2.3","12.9","0.1","60.5","779.5","4.6","0.7","105.9"
"Rashaad Penny","PHI","RB38","147.4","709.0","4.7","8.3","53.6","0.2","0.7","104.5"
"Treylon Burks","TEN","WR41","6.5","48.9","0.1","57.6","753.3","3.9","0.2","103.7"
"Kyle Pitts","ATL","TE6","0.0","0.5","0.0","59.1","780.4","3.9","0.1","101.6"
"Michael Thomas","NO","WR42","0.3","1.1","0.0","67.5","742.4","4.4","0.2","100.4"
"Zay Flowers","BAL","WR43","1.9","14.0","0.1","55.0","723.0","4.5","0.7","99.9"
"Jaxon Smith-Njigba","SEA","WR44","1.0","7.7","0.0","56.2","740.2","4.2","0.7","98.8"
"Dallas Goedert","PHI","TE7","0.0","0.4","0.0","63.5","741.6","4.2","0.6","98.4"
"JuJu Smith-Schuster","NE","WR45","0.1","0.9","0.0","72.8","778.0","3.6","0.7","98.3"
"Tyler Allgeier","ATL","RB39","143.2","659.7","3.3","12.2","88.6","0.5","0.3","96.9"
"Elijah Mitchell","SF","RB40","135.7","606.1","3.8","12.8","89.6","0.6","0.3","95.4"
"Jakobi Meyers","LV","WR46","1.1","3.7","0.0","62.6","724.7","3.6","0.7","93.4"
"Nico Collins","HOU","WR47","0.0","0.2","0.0","57.4","711.9","3.7","0.1","93.0"
"Allen Lazard","NYJ","WR48","2.0","11.4","0.0","54.5","664.1","4.2","0.1","92.9"
"Odell Beckham Jr.","BAL","WR49","1.4","17.7","0.2","51.2","650.1","4.2","0.2","92.7"
"Skyy Moore","KC","WR50","5.2","33.8","0.2","57.1","652.1","4.3","1.9","91.8"
"Zach Charbonnet","SEA","RB41","122.0","519.4","3.3","22.4","174.5","0.7","1.0","91.1"
"Tyler Boyd","CIN","WR51","1.4","8.1","0.0","58.0","684.7","3.6","0.2","91.0"
"DJ Chark Jr.","CAR","WR52","0.1","1.1","0.0","46.6","688.3","3.5","0.1","89.7"
"Ezekiel Elliott","NE","RB42","135.4","519.3","4.1","17.2","115.5","0.5","0.7","89.4"
"Michael Gallup","DAL","WR53","0.0","0.2","0.0","50.1","632.5","4.4","0.1","89.2"
"Marquez Valdes-Scantling","KC","WR54","0.6","1.7","0.0","42.4","657.2","3.8","0.1","88.4"
"Pat Freiermuth","PIT","TE8","0.0","0.4","0.0","60.3","640.0","4.1","0.2","88.3"
"Evan Engram","JAC","TE9","0.0","5.8","0.0","62.6","653.9","3.6","0.2","87.5"
"Jaylen Warren","PIT","RB43","112.3","499.1","2.5","25.0","202.9","0.5","0.4","87.4"
"Zay Jones","JAC","WR55","1.8","8.0","0.0","61.3","637.6","3.8","0.2","87.1"
"Darnell Mooney","CHI","WR56","1.7","8.9","0.1","52.8","639.9","3.7","0.1","87.1"
"Kadarius Toney","KC","WR57","9.7","82.0","1.1","45.4","512.5","3.6","0.6","86.4"
"DeVante Parker","NE","WR58","0.0","0.2","0.0","47.1","649.3","3.6","0.1","86.3"
"Damien Harris","BUF","RB44","115.2","514.6","3.5","18.2","120.1","0.4","0.7","85.4"
"Romeo Doubs","GB","WR59","0.6","5.5","0.0","55.9","638.2","3.7","0.7","85.0"
"Adam Thielen","CAR","WR60","0.5","3.7","0.0","54.1","610.3","3.9","0.1","84.4"
"David Njoku","CLE","TE10","0.0","5.2","0.0","52.8","578.2","4.5","0.4","84.4"
"Chuba Hubbard","CAR","RB45","107.6","507.6","2.9","17.6","149.0","0.4","0.7","84.4"
"Quentin Johnston","LAC","WR61","2.2","12.9","0.1","47.0","628.5","3.4","0.7","83.3"
"Jonathan Mingo","CAR","WR62","1.1","11.8","0.1","48.7","640.4","3.1","0.4","83.0"
"De'Von Achane","MIA","RB46","111.7","450.9","3.0","20.7","166.6","0.8","0.9","83.0"
"Rondale Moore","ARI","WR63","12.8","58.5","0.2","64.6","632.4","2.1","0.4","82.2"
"Van Jefferson","ATL","WR64","0.6","4.3","0.0","44.7","615.2","3.4","0.1","82.2"
"Chigoziem Okonkwo","TEN","TE11","5.0","18.5","0.2","46.7","569.2","3.7","0.1","81.9"
"Kenneth Gainwell","PHI","RB47","93.9","409.9","3.6","22.1","164.9","0.6","0.6","81.3"
"Devin Singletary","HOU","RB48","121.2","501.6","2.6","22.7","156.1","0.3","1.1","81.1"
"Curtis Samuel","WAS","WR65","25.8","140.8","0.8","47.5","485.7","2.4","0.5","81.1"
"Dalton Schultz","HOU","TE12","0.0","0.4","0.0","56.0","569.9","4.2","0.5","80.9"
"Marvin Mims Jr.","DEN","WR66","1.0","9.2","0.0","47.9","612.3","3.2","0.6","80.4"
"Jerick McKinnon","KC","RB49","59.5","228.9","1.6","37.8","314.8","2.7","0.2","80.3"
"D'Onta Foreman","CHI","RB50","119.5","566.9","3.0","6.6","45.8","0.2","0.6","79.0"
"Greg Dulcich","DEN","TE13","0.0","0.6","0.0","46.9","575.9","3.5","0.1","78.6"
"Tyler Higbee","LAR","TE14","0.0","0.5","0.0","61.3","575.8","3.5","0.1","78.6"
"K.J. Osborn","MIN","WR67","2.8","13.9","0.1","49.5","540.2","3.8","0.2","78.5"
"Elijah Moore","CLE","WR68","5.7","29.2","0.2","45.0","575.7","2.8","0.1","78.5"
"Gus Edwards","BAL","RB51","114.0","553.2","3.1","6.5","57.0","0.1","0.9","78.4"
"Cole Kmet","CHI","TE15","0.0","2.8","0.0","47.6","518.2","4.2","0.2","77.0"
"Jayden Reed","GB","WR69","3.2","20.1","0.1","46.8","580.0","2.9","0.7","76.8"
"Donovan Peoples-Jones","DET","WR70","0.3","0.5","0.0","43.6","605.5","2.8","0.5","76.5"
"Mecole Hardman Jr.","KC","WR71","7.4","52.1","0.7","44.9","506.7","2.9","0.7","76.4"
"Hunter Renfrow","LV","WR72","0.4","3.7","0.0","61.1","578.9","3.2","0.5","76.1"
"Dalton Kincaid","BUF","TE16","0.0","1.1","0.0","44.3","510.0","4.3","0.4","75.8"
"Rashod Bateman","BAL","WR73","0.0","0.2","0.0","40.9","588.8","2.9","0.8","74.5"
"Juwan Johnson","NO","TE17","0.0","0.3","0.0","41.3","489.0","4.3","0.1","74.4"
"Gerald Everett","LAC","TE18","0.0","0.7","0.0","50.7","524.2","3.7","0.3","74.2"
"Tank Bigsby","JAC","RB52","104.9","418.1","2.6","17.9","135.4","0.7","0.9","73.3"
"Kendrick Bourne","NE","WR74","5.0","35.2","0.2","47.0","542.9","2.3","0.3","72.5"
"Zack Moss","IND","RB53","78.5","469.2","2.4","14.8","97.7","0.4","0.7","72.3"
"Jeff Wilson Jr.","MIA","RB54","104.0","418.9","2.6","16.2","122.1","0.8","0.8","72.3"
"Jameson Williams","DET","WR75","1.6","18.8","0.1","37.5","533.3","2.8","0.5","71.9"
"Alec Pierce","IND","WR76","0.0","0.2","0.0","42.1","579.4","2.3","0.1","71.8"
"Sam LaPorta","DET","TE19","0.0","1.0","0.0","44.0","484.1","3.7","0.6","69.7"
"Isaiah Hodgins","NYG","WR77","0.0","0.6","0.0","44.9","481.6","3.8","0.6","69.6"
"Rashid Shaheed","NO","WR78","3.2","37.4","0.7","34.3","492.5","2.1","0.1","69.0"
"Hunter Henry","NE","TE20","0.0","0.5","0.0","42.3","497.1","2.9","0.1","67.0"
"Darius Slayton","NYG","WR79","0.4","1.8","0.0","38.1","543.1","2.2","0.5","66.8"
"Robert Woods","HOU","WR80","3.6","17.9","0.2","52.7","505.9","2.4","0.4","66.7"
"Irv Smith Jr.","CIN","TE21","0.0","0.5","0.0","43.2","412.3","4.1","0.1","65.6"
"Chase Claypool","MIA","WR81","5.0","34.7","0.2","36.1","466.3","2.5","0.5","65.4"
"Noah Fant","SEA","TE22","0.0","0.8","0.0","45.2","467.4","3.0","0.1","64.6"
"Tyjae Spears","TEN","RB55","93.3","369.5","1.9","17.3","134.1","0.6","0.8","63.7"
"Mack Hollins","ATL","WR82","0.3","11.2","0.1","42.1","472.7","2.6","0.2","63.7"
"Kendre Miller","NO","RB56","79.2","340.5","2.0","17.5","139.4","0.7","0.8","62.2"
"Dawson Knox","BUF","TE23","0.0","0.7","0.0","36.8","409.0","3.6","0.2","62.1"
"Kyren Williams","LAR","RB57","92.3","371.6","1.7","17.3","132.9","0.4","0.5","61.9"
"Joshua Kelley","LAC","RB58","94.0","377.6","2.1","15.0","115.2","0.3","1.1","61.5"
"Cordarrelle Patterson","ATL","RB59","65.8","283.4","2.2","20.0","151.8","0.8","0.2","61.0"
"Cade Otton","TB","TE24","0.0","0.7","0.0","44.4","459.0","2.5","0.1","60.7"
"Hayden Hurst","CAR","TE25","0.0","0.4","0.0","46.4","441.3","2.8","0.5","59.7"
"Joshua Palmer","LAC","WR83","0.4","1.7","0.0","41.6","465.7","2.2","0.1","59.7"
"Leonard Fournette","BUF","RB60","92.5","321.2","1.5","28.0","155.2","0.5","0.1","59.4"
"Clyde Edwards-Helaire","KC","RB61","68.2","298.8","2.1","14.8","117.7","1.0","0.3","59.4"
"Deon Jackson","NYG","RB62","75.6","282.8","1.6","25.8","173.7","1.0","0.8","59.2"
"Allen Robinson II","PIT","WR84","0.1","0.3","0.0","38.7","438.9","2.5","0.1","59.0"
"John Metchie III","HOU","WR85","0.6","6.5","0.0","37.7","450.8","2.2","0.1","58.9"
"Tyler Conklin","NYJ","TE26","0.0","3.1","0.0","46.0","438.9","2.5","0.1","58.9"
"Rashee Rice","KC","WR86","1.0","6.8","0.0","31.3","429.3","2.6","0.4","58.8"
"Jake Ferguson","DAL","TE27","0.0","0.5","0.0","38.4","393.2","3.2","0.1","58.7"
"Mike Gesicki","NE","TE28","0.0","0.3","0.0","36.0","411.1","2.9","0.1","58.2"
"Tutu Atwell","LAR","WR87","7.1","38.1","0.4","31.5","413.8","1.8","0.2","58.1"
"Ty Chandler","MIN","RB63","92.7","327.0","2.1","13.7","109.7","0.6","0.7","58.0"
"Parris Campbell","NYG","WR88","3.0","31.6","0.1","38.3","414.5","2.2","0.2","57.6"
"Taysom Hill","NO","TE29","40.5","153.0","2.5","13.1","182.0","1.7","1.1","56.5"
"Jerome Ford","CLE","RB64","94.8","351.2","1.8","10.7","93.1","0.5","0.8","56.2"
"Chase Edmonds","TB","RB65","63.2","290.0","1.4","20.2","150.2","0.7","0.4","56.2"
"Wan'Dale Robinson","NYG","WR89","2.5","12.2","0.1","40.0","439.5","1.9","0.4","56.1"
"Luke Musgrave","GB","TE30","0.0","0.9","0.0","36.0","397.9","2.8","0.4","55.8"
"Keaontay Ingram","KC","RB66","82.0","322.9","1.8","15.1","97.8","0.3","0.4","53.6"
"Roschon Johnson","CHI","RB67","88.4","326.0","1.7","9.3","88.8","0.5","0.7","53.0"
"Michael Mayer","LV","TE31","0.0","0.9","0.0","35.2","382.4","2.5","0.4","52.7"
"Josh Reynolds","DET","WR90","0.2","0.4","0.0","30.6","395.3","2.2","0.1","52.7"
"Deuce Vaughn","DAL","RB68","70.0","294.7","1.7","14.2","109.2","0.6","0.8","52.6"
"Logan Thomas","WAS","TE32","0.0","0.8","0.0","42.3","401.2","2.1","0.1","52.4"
"Jalin Hyatt","NYG","WR91","1.0","7.5","0.0","30.1","396.9","1.9","0.4","51.1"
"Nick Westbrook-Ikhine","TEN","WR92","0.0","0.3","0.0","28.4","371.0","2.3","0.1","50.4"
"Trey McBride","ARI","TE33","0.0","0.6","0.0","35.2","379.3","2.1","0.1","50.1"
"Tank Dell","HOU","WR93","0.9","6.0","0.0","30.9","402.5","1.7","0.6","49.7"
"Isaiah McKenzie","IND","WR94","7.2","45.9","0.2","33.4","335.1","1.7","0.1","49.3"
"Michael Wilson","ARI","WR95","0.4","5.7","0.0","34.2","397.1","1.4","0.2","48.9"
"Greg Dortch","ARI","WR96","5.7","41.2","0.1","36.4","348.9","1.4","0.5","46.7"
"Terrace Marshall Jr.","CAR","WR97","0.0","0.1","0.0","25.1","369.5","1.5","0.1","45.7"
"Randall Cobb","NYJ","WR98","0.1","0.6","0.0","30.7","335.1","2.0","0.2","44.9"
"Latavius Murray","BUF","RB69","55.7","270.9","1.6","10.3","68.4","0.2","0.0","44.5"
"Sterling Shepard","NYG","WR99","2.3","13.9","0.1","30.5","326.2","1.6","0.1","44.3"
"Sean Tucker","TB","RB70","65.0","259.0","1.1","12.7","90.1","0.4","0.2","43.4"
"Trey Palmer","TB","WR100","0.3","4.9","0.1","29.7","339.4","1.5","0.1","43.3"
"Chase Brown","CIN","RB71","50.6","218.2","1.4","15.0","118.0","0.5","0.7","43.3"
"Jelani Woods","IND","TE34","0.0","0.5","0.0","26.0","323.6","1.8","0.0","43.1"
"Josh Downs","IND","WR101","0.6","5.9","0.0","26.0","339.2","1.4","0.2","42.9"
"Khalil Shakir","BUF","WR102","0.7","4.8","0.0","24.1","329.1","1.5","0.2","42.2"
"Austin Hooper","LV","TE35","0.0","0.4","0.0","30.9","312.9","1.8","0.0","42.1"
"Evan Hull","IND","RB72","64.1","254.1","1.3","8.7","75.3","0.3","0.3","41.7"
"Isaiah Likely","BAL","TE36","0.0","0.6","0.0","24.3","292.6","2.1","0.0","41.6"
"Kareem Hunt","CLE","RB73","82.1","266.2","0.1","0.0","134.6","0.1","0.0","41.3"
"Matt Breida","NYG","RB74","53.8","239.1","1.2","12.3","92.0","0.2","0.7","40.1"
"Laviska Shenault Jr.","CAR","WR103","15.7","80.8","0.7","21.8","229.2","0.8","0.2","39.7"
"Kenyan Drake","GB","RB75","33.3","204.5","1.1","20.2","112.2","0.2","0.2","39.3"
"Marquez Callaway","NO","WR104","0.0","0.5","0.0","34.8","282.2","1.7","0.0","38.7"
"Trayveon Williams","CIN","RB76","55.3","238.6","1.0","12.1","76.1","0.4","1.0","37.7"
"Ben Skowronek","LAR","WR105","0.4","6.7","0.3","26.9","286.2","1.1","0.1","37.5"
"Braxton Berrios","MIA","WR106","1.2","15.9","0.2","24.7","263.0","1.4","0.3","37.1"
"Cedrick Wilson Jr.","MIA","WR107","0.2","0.6","0.0","27.1","278.0","1.5","0.1","36.9"
"Deonte Harty","BUF","WR108","2.4","16.7","0.1","24.1","278.2","1.3","0.3","36.9"
"Zamir White","LV","RB77","59.2","228.0","1.7","6.5","31.0","0.2","0.2","36.9"
"Isaiah Spiller","LAC","RB78","59.2","232.7","1.1","7.9","58.9","0.2","0.2","36.4"
"Tyquan Thornton","NE","WR109","2.3","8.9","0.8","18.1","235.9","1.2","0.0","36.2"
"Zach Evans","LAR","RB79","50.2","196.7","1.2","8.9","76.9","0.4","0.5","35.8"
"Kalif Raymond","DET","WR110","2.3","23.2","0.2","20.7","237.9","1.3","0.2","34.7"
"Rico Dowdle","DAL","RB80","54.0","203.6","1.3","6.8","49.3","0.2","0.2","34.3"
"Richie James Jr.","KC","WR111","0.4","1.3","0.0","20.8","266.8","1.6","1.1","34.1"
"Jauan Jennings","SF","WR112","0.0","0.2","0.0","21.7","261.4","1.3","0.1","33.7"
"Noah Brown","HOU","WR113","0.1","0.4","0.0","23.8","271.9","1.1","0.2","33.4"
"JaMycal Hasty","NE","RB81","34.7","166.1","1.0","13.2","84.6","0.4","0.1","33.1"
"Quez Watkins","PHI","WR114","0.4","0.8","0.0","19.5","263.8","1.2","0.2","33.1"
"Pierre Strong Jr.","CLE","RB82","37.2","185.5","1.1","8.5","69.4","0.2","0.2","33.0"
"Durham Smythe","MIA","TE37","0.0","2.9","0.0","25.9","237.8","1.5","0.0","33.0"
"Dyami Brown","WAS","WR115","2.0","14.4","0.0","13.1","214.1","1.6","0.0","32.9"
"Myles Gaskin","MIN","RB83","40.0","170.6","0.9","13.7","82.0","0.4","0.3","32.7"
"Jaleel McLaughlin","DEN","RB84","39.3","173.9","1.3","10.4","56.5","0.3","0.2","32.1"
"Luke Schoonmaker","DAL","TE38","0.0","1.4","0.0","21.0","234.9","1.5","0.3","31.9"
"Jamal Agnew","JAC","WR116","5.9","52.6","0.3","20.6","187.4","1.1","0.2","31.8"
"Puka Nacua","LAR","WR117","0.4","2.9","0.0","19.6","261.2","0.9","0.1","31.7"
"Noah Gray","KC","TE39","0.0","6.0","0.0","21.4","222.8","1.5","0.0","31.7"
"Craig Reynolds","DET","RB85","31.6","142.6","1.0","14.1","91.2","0.4","0.1","31.7"
"Olamide Zaccheaus","PHI","WR118","0.6","2.1","0.0","20.1","246.2","1.2","0.3","31.6"
"Donald Parham Jr.","LAC","TE40","0.0","0.3","0.0","19.1","207.9","1.7","0.0","31.0"
"Jordan Mason","SF","RB86","50.1","223.3","0.9","2.8","26.1","0.1","0.1","30.7"
"Adam Trautman","DEN","TE41","0.0","0.3","0.0","21.6","229.9","1.3","0.2","30.5"
"Kylen Granson","IND","TE42","0.0","3.7","0.0","22.7","233.4","1.1","0.0","30.3"
"Emari Demercado","ARI","RB87","35.4","166.5","1.1","10.6","59.7","0.2","0.2","30.3"
"Trent Sherfield","BUF","WR119","0.0","0.6","0.0","17.3","231.8","1.2","0.1","30.2"
"Michael Carter","ARI","RB88","37.2","141.6","0.6","12.6","102.2","0.4","0.2","30.1"
"Kayshon Boutte","NE","WR120","0.6","4.9","0.0","17.9","242.1","0.8","0.1","29.8"
"Brock Wright","DET","TE43","0.0","0.3","0.0","17.2","181.4","1.9","0.0","29.7"
"Foster Moreau","NO","TE44","0.0","0.3","0.0","17.7","232.1","1.2","0.3","29.7"
"Raheem Blackshear","CAR","RB89","31.6","119.7","1.3","12.9","88.3","0.3","0.4","29.6"
"C.J. Uzomah","NYJ","TE45","0.0","0.5","0.0","20.2","203.9","1.5","0.0","29.5"
"Marquise Goodwin","CLE","WR121","1.5","7.9","0.0","14.9","206.3","1.3","0.0","29.5"
"Ke'Shawn Vaughn","NE","RB90","45.7","184.4","1.2","6.4","38.3","0.2","0.6","29.4"
"Will Dissly","SEA","TE46","0.0","0.6","0.0","21.4","216.3","1.2","0.1","29.1"
"Robert Tonyan","CHI","TE47","0.0","0.3","0.0","18.6","200.2","1.4","0.0","28.7"
"Jonnu Smith","ATL","TE48","0.0","5.9","0.0","18.9","207.2","1.2","0.0","28.5"
"Mo Alie-Cox","IND","TE49","0.0","0.5","0.0","16.6","195.9","1.5","0.4","28.1"
"Ameer Abdullah","LV","RB91","26.2","90.4","0.4","18.8","131.4","0.6","0.1","27.9"
"Zach Pascal","ARI","WR122","0.1","1.1","0.0","20.9","215.5","1.1","0.1","27.9"
"Chris Rodriguez Jr.","WAS","RB92","35.4","155.0","0.9","10.0","60.9","0.2","0.2","27.7"
"Deven Thompkins","TB","WR123","0.2","9.5","0.1","19.4","210.6","0.9","0.1","27.7"
"Cedric Tillman","CLE","WR124","0.4","5.5","0.0","14.4","216.1","0.8","0.1","27.1"
"Brenton Strange","JAC","TE50","0.0","1.4","0.0","20.4","191.9","1.3","0.3","26.4"
"Jordan Akins","CLE","TE51","0.0","0.9","0.0","15.6","191.1","1.2","0.1","26.3"
"Chris Evans","CIN","RB93","31.3","118.2","0.5","10.8","86.3","0.5","0.2","26.2"
"Owen Wright","BAL","RB94","0.0","145.0","1.1","6.5","41.2","0.2","0.2","25.9"
"Charlie Jones","CIN","WR125","0.7","4.6","0.0","15.8","200.6","1.0","0.5","25.7"
"Demarcus Robinson","LAR","WR126","0.0","0.2","0.0","19.4","202.5","0.9","0.1","25.6"
"Emanuel Wilson","GB","RB95","24.4","140.8","1.1","8.1","40.0","0.2","0.2","25.4"
"Kyle Philips","TEN","WR127","0.9","4.2","0.0","15.3","208.6","0.6","0.1","25.1"
"Trenton Irwin","CIN","WR128","0.1","1.3","0.0","16.7","185.8","1.1","0.1","25.0"
"Melvin Gordon III","BAL","RB96","26.2","138.5","0.6","11.2","74.3","0.3","0.7","25.0"
"Chris Moore","TEN","WR129","0.2","2.4","0.0","17.5","195.5","0.9","0.0","24.9"
"Eric Gray","NYG","RB97","43.1","142.3","0.9","5.8","46.8","0.3","0.6","24.8"
"KhaDarel Hodge","ATL","WR130","0.0","3.0","0.0","15.6","182.6","1.0","0.1","24.5"
"Xavier Hutchinson","HOU","WR131","1.0","5.9","0.0","0.0","238.3","0.0","0.2","24.0"
"Anthony McFarland Jr.","PIT","RB98","20.0","125.9","0.7","10.2","58.6","0.3","0.1","24.0"
"Calvin Austin III","PIT","WR132","0.3","3.4","0.0","14.8","194.1","0.7","0.1","23.9"
"Harrison Bryant","CLE","TE52","0.0","4.4","0.0","17.1","175.1","1.0","0.2","23.7"
"Salvon Ahmed","MIA","RB99","31.1","126.0","0.7","6.9","52.3","0.2","0.0","23.4"
"Josiah Deguara","GB","TE53","0.0","1.0","0.0","18.8","174.4","1.0","0.0","23.4"
"Cade Johnson","SEA","WR133","0.0","1.7","0.0","14.6","168.0","1.1","0.0","23.3"
"Rakim Jarrett","TB","WR134","0.2","4.9","0.0","18.2","173.3","0.9","0.1","23.1"
"Josh Oliver","MIN","TE54","0.0","0.4","0.0","15.7","159.6","1.2","0.0","23.0"
"Colby Parkinson","SEA","TE55","0.0","0.3","0.0","15.0","175.0","0.9","0.0","22.9"
"Demario Douglas","NE","WR135","0.4","1.5","0.0","16.6","189.6","0.7","0.1","22.8"
"Dontayvion Wicks","GB","WR136","0.3","4.0","0.0","17.3","174.8","0.8","0.1","22.7"
"Tommy Tremble","CAR","TE56","0.0","3.1","0.0","15.5","148.1","1.4","0.4","22.6"
"Tucker Kraft","GB","TE57","0.0","0.9","0.0","15.2","168.8","1.1","0.3","22.6"
"Samori Toure","GB","WR137","0.5","3.8","0.0","14.0","174.5","0.8","0.1","22.5"
"DeeJay Dallas","SEA","RB100","15.9","99.2","0.5","11.2","76.0","0.3","0.1","22.3"
"Darnell Washington","PIT","TE58","0.0","1.7","0.0","15.1","178.4","0.8","0.3","22.1"
"Teagan Quitoriano","HOU","TE59","0.0","0.5","0.0","13.5","157.0","1.1","0.1","22.1"
"David Wells","TB","TE60","0.0","3.4","0.0","21.6","152.9","1.0","0.1","22.0"
"Boston Scott","PHI","RB101","27.6","126.5","1.0","3.6","27.2","0.1","0.2","21.9"
"Zonovan Knight","DET","RB102","35.2","135.6","0.5","9.3","47.8","0.2","0.1","21.7"
"KJ Hamler","IND","WR138","2.4","20.1","0.0","0.0","188.4","0.1","0.0","21.5"
"Dare Ogunbowale","HOU","RB103","26.0","98.3","0.7","10.0","59.5","0.2","0.1","21.1"
"Justyn Ross","KC","WR139","0.4","2.5","0.0","9.7","163.4","0.8","0.1","21.1"
"Kenny McIntosh","SEA","RB104","29.3","121.3","0.8","5.6","37.9","0.1","0.1","21.0"
"Justin Watson","KC","WR140","0.0","0.2","0.0","11.2","156.5","0.9","0.0","20.9"
"Travis Homer","CHI","RB105","16.8","104.4","0.4","8.2","68.4","0.2","0.1","20.9"
"Ian Thomas","CAR","TE61","0.0","0.5","0.0","17.2","163.3","0.8","0.0","20.9"
"Mike Boone","CAR","RB106","16.9","107.0","0.5","14.0","57.9","0.2","0.0","20.7"
"Jimmy Graham","NO","TE62","0.0","0.6","0.0","12.6","145.2","1.0","0.0","20.5"
"Tyrion Davis-Price","SF","RB107","23.9","127.5","0.7","3.7","31.0","0.1","0.2","20.3"
"Corey Clement","ARI","RB108","14.1","101.7","0.6","11.4","52.2","0.2","0.0","20.0"
"Daniel Bellinger","NYG","TE63","0.0","1.0","0.0","13.7","159.5","0.8","0.3","20.0"
"Brevin Jordan","HOU","TE64","0.0","0.3","0.0","13.0","156.1","0.7","0.0","19.8"
"Gary Brightwell","NYG","RB109","23.6","112.9","0.8","5.0","30.3","0.1","0.1","19.8"
"Julius Chestnut","TEN","RB110","24.9","96.1","0.6","8.0","55.5","0.2","0.1","19.8"
"Justice Hill","BAL","RB111","25.7","114.6","0.4","8.8","48.4","0.2","0.2","19.7"
"Devin Duvernay","BAL","WR141","4.1","38.4","0.2","7.0","119.1","0.4","0.1","19.5"
"Kyle Juszczyk","SF","RB112","8.4","28.0","0.4","13.1","105.2","0.6","0.0","19.3"
"Blake Bell","KC","TE65","4.2","14.5","0.1","11.4","110.2","0.9","0.0","18.9"
"Kevin Harris","NE","RB113","24.9","94.5","0.5","10.1","50.9","0.2","0.1","18.9"
"Brandon Bolden","LV","RB114","17.7","76.8","0.5","7.4","59.1","0.4","0.1","18.8"
"Britain Covey","PHI","WR142","0.0","6.7","0.1","8.4","130.4","0.8","0.0","18.7"
"Peyton Hendershot","DAL","TE66","0.0","4.4","0.0","9.3","116.9","1.0","0.0","18.1"
"Tre Nixon","NE","WR143","0.0","6.3","0.0","8.6","126.9","0.8","0.0","18.1"
"Connor Heyward","PIT","TE67","0.0","12.6","0.0","10.5","118.6","0.8","0.1","18.0"
"Jalen Tolbert","DAL","WR144","0.5","3.0","0.0","8.5","140.7","0.6","0.1","17.7"
"Tyler Badie","DEN","RB115","3.1","77.5","0.5","14.7","52.0","0.2","0.1","17.5"
"DeAndre Carter","LV","WR145","0.4","6.8","0.0","11.3","134.6","0.6","0.2","17.4"
"Robbie Chosen","MIA","WR146","0.5","3.2","0.0","0.0","166.2","0.1","0.1","17.3"
"Josh Whyle","TEN","TE68","0.0","1.8","0.0","11.8","123.2","0.8","0.0","17.3"
"D'Ernest Johnson","JAC","RB116","26.1","109.9","0.4","4.8","31.6","0.1","0.0","17.1"
"Equanimeous St. Brown","CHI","WR147","1.1","12.3","0.0","8.3","120.2","0.6","0.0","16.8"
"Albert Okwuegbunam","PHI","TE69","0.0","0.3","0.0","9.6","124.7","0.8","0.1","16.8"
"Hunter Long","LAR","TE70","0.0","0.6","0.0","10.3","125.5","0.7","0.1","16.6"
"David Bell","CLE","WR148","0.0","0.2","0.0","9.0","141.6","0.4","0.0","16.3"
"Ko Kieft","TB","TE71","0.0","0.7","0.0","10.3","117.8","0.8","0.1","16.3"
"Velus Jones Jr.","CHI","WR149","1.8","36.1","0.2","6.1","95.9","0.4","0.1","16.2"
"Brandon Powell","MIN","WR150","2.7","29.3","0.1","11.5","102.8","0.5","0.2","16.2"
"Derius Davis","LAC","WR151","0.4","6.0","0.0","12.9","123.6","0.5","0.1","16.0"
"Charlie Kolar","BAL","TE72","0.0","0.9","0.0","9.9","116.0","0.7","0.0","15.9"
"Israel Abanikanda","NYJ","RB117","41.2","107.2","0.4","1.5","30.4","0.0","0.1","15.9"
"Brandon Johnson","DEN","WR152","0.2","1.6","0.0","10.6","120.2","0.7","0.1","15.9"
"Byron Pringle","WAS","WR153","2.5","14.6","0.1","12.0","113.4","0.4","0.1","15.8"
"John Bates","WAS","TE73","0.0","0.4","0.0","11.8","118.4","0.6","0.0","15.6"
"Tre Tucker","LV","WR154","0.2","5.1","0.0","10.7","118.7","0.5","0.0","15.6"
"Tre'Quan Smith","DEN","WR155","0.0","0.2","0.0","9.3","119.3","0.6","0.0","15.6"
"River Cracraft","MIA","WR156","0.2","1.1","0.0","10.7","117.2","0.6","0.1","15.4"
"Brycen Hopkins","LAR","TE74","0.0","0.3","0.0","9.8","122.6","0.5","0.0","15.4"
"Trevon Wesco","TEN","TE75","0.0","0.5","0.0","9.7","111.2","0.7","0.1","15.2"
"Dee Eskridge","SEA","WR157","3.1","23.0","0.1","10.5","97.3","0.4","0.1","15.2"
"Jason Brownlee","NYJ","WR158","0.2","2.6","0.0","10.7","114.6","0.6","0.1","15.1"
"Jalen Nailor","MIN","WR159","0.3","1.6","0.0","9.1","110.5","0.7","0.1","15.0"
"Jamison Crowder","WAS","WR160","0.1","1.2","0.0","0.0","149.7","0.0","0.1","14.9"
"James Mitchell","DET","TE76","0.0","0.3","0.0","8.8","108.4","0.7","0.0","14.8"
"Tre' McKitty","BUF","TE77","0.0","0.9","0.0","10.7","108.3","0.7","0.0","14.8"
"Geoff Swaim","ARI","TE78","0.0","0.0","0.0","13.2","101.2","0.8","0.0","14.6"
"Lawrence Cager","NYG","WR161","0.2","1.2","0.0","11.6","102.4","0.7","0.0","14.6"
"Parker Washington","JAC","WR162","0.3","1.5","0.0","10.5","118.1","0.4","0.1","14.4"
"Payne Durham","TB","TE79","0.0","2.7","0.0","10.7","108.7","0.6","0.3","14.3"
"James Robinson","NO","RB118","42.2","114.5","0.0","0.0","31.2","0.0","0.2","14.2"
"Kene Nwangwu","MIN","RB119","21.9","81.3","0.3","5.1","32.6","0.2","0.1","14.1"
"Ronnie Bell","SF","WR163","0.1","3.2","0.0","11.2","103.4","0.6","0.0","14.1"
"Tyler Kroft","MIA","TE80","0.0","0.5","0.0","9.3","90.2","0.8","0.0","14.0"
"Ross Dwelley","SF","TE81","0.0","0.8","0.0","5.9","95.9","0.7","0.0","13.9"
"DeWayne McBride","MIN","RB120","35.1","91.6","0.3","2.0","28.9","0.1","0.1","13.9"
"Malik Davis","DAL","RB121","32.4","105.7","0.0","0.0","36.7","0.0","0.2","13.8"
"Tanner Hudson","CIN","TE82","0.0","0.7","0.0","11.8","109.1","0.5","0.0","13.8"
"A.T. Perry","NO","WR164","0.5","2.3","0.0","5.0","119.8","0.3","0.1","13.8"
"Davis Allen","LAR","TE83","0.0","2.1","0.0","19.0","104.9","0.6","0.3","13.8"
"Nelson Agholor","BAL","WR165","0.2","0.8","0.0","5.4","122.5","0.3","0.2","13.8"
"Will Mallory","IND","TE84","0.0","1.9","0.0","8.7","96.0","0.7","0.0","13.8"
"Eric Saubert","HOU","TE85","0.0","0.2","0.0","12.6","102.4","0.6","0.0","13.8"
"Julio Jones","PHI","WR166","0.3","1.6","0.0","0.0","116.9","0.2","0.0","13.1"
"Jeremy Ruckert","NYJ","TE86","0.0","0.3","0.0","7.3","95.2","0.6","0.0","13.0"
"Malik Heath","GB","WR167","0.1","2.6","0.0","10.5","97.0","0.5","0.0","12.9"
"Elijah Higgins","ARI","TE87","0.0","1.3","0.0","7.6","96.6","0.5","0.0","12.9"
"Erik Ezukanma","MIA","WR168","0.2","1.3","0.0","8.9","99.0","0.5","0.1","12.7"
"Jack Stoll","PHI","TE88","0.0","0.3","0.0","9.4","99.9","0.4","0.0","12.7"
"Scott Miller","ATL","WR169","0.3","3.3","0.0","7.8","101.6","0.3","0.0","12.6"
"Ty Johnson","BUF","RB122","9.0","47.4","0.2","8.3","52.9","0.3","0.1","12.6"
"Marcedes Lewis","CHI","TE89","0.0","0.0","0.0","6.6","68.9","1.0","0.1","12.5"
"Ray-Ray McCloud III","SF","WR170","3.3","29.2","0.2","5.8","66.6","0.3","0.1","12.5"
"Stephen Sullivan","CAR","TE90","0.0","0.0","0.0","8.7","85.9","0.6","0.0","12.2"
"Drew Sample","CIN","TE91","0.0","0.4","0.0","9.8","87.7","0.6","0.1","12.1"
"Alec Ingold","MIA","RB123","5.7","16.1","0.1","12.0","70.9","0.4","0.0","11.9"
"Cole Turner","WAS","TE92","0.0","0.3","0.0","4.8","98.4","0.4","0.1","11.9"
"Julian Hill","MIA","TE93","0.0","0.0","0.0","0.0","102.8","0.3","0.1","11.9"
"Keith Kirkwood","NO","WR171","0.2","1.1","0.0","9.3","93.4","0.4","0.1","11.7"
"Phillip Dorsett II","DEN","WR172","0.1","0.7","0.0","8.7","84.0","0.5","0.0","11.4"
"Quintin Morris","BUF","TE94","0.0","0.4","0.0","7.3","85.0","0.6","0.4","11.3"
"Steven Sims Jr.","HOU","WR173","0.7","30.6","0.2","4.7","59.6","0.2","0.1","11.2"
"Jonathan Ward","TEN","RB124","10.1","42.8","0.2","5.6","41.9","0.3","0.0","11.2"
"Snoop Conner","JAC","RB125","3.1","76.3","0.5","2.2","2.9","0.1","0.1","11.2"
"Mitchell Wilcox","CIN","TE95","0.0","0.0","0.0","8.3","92.6","0.3","0.0","11.2"
"Jody Fortson","KC","TE96","0.0","0.6","0.0","6.1","96.4","0.4","0.5","11.1"
"Stone Smartt","LAC","TE97","0.0","0.7","0.0","9.1","74.5","0.6","0.0","11.1"
"Keaton Mitchell","BAL","RB126","17.9","67.1","0.4","2.9","19.2","0.1","0.1","11.0"
"Johnny Mundt","MIN","TE98","0.0","0.4","0.0","7.7","78.6","0.5","0.0","11.0"
"Zack Kuntz","NYJ","TE99","0.0","0.0","0.0","0.0","91.0","0.3","0.1","10.7"
"KaVontae Turpin","DAL","WR174","1.8","10.3","0.1","6.5","69.5","0.4","0.0","10.7"
"Tyler Scott","CHI","WR175","0.8","2.7","0.0","0.3","103.5","0.0","0.1","10.6"
"Dareke Young","SEA","WR176","0.2","1.0","0.0","7.7","83.2","0.4","0.1","10.5"
"Gunner Olszewski","NYG","WR177","3.3","26.4","0.1","4.8","60.2","0.2","0.1","10.5"
"Chris Manhertz","DEN","TE100","0.0","0.3","0.0","6.7","74.9","0.5","0.0","10.5"
"Ben Sims","GB","TE101","0.0","0.0","0.0","11.0","65.1","0.7","0.0","10.4"
"Luke Farrell","JAC","TE102","0.0","0.3","0.0","6.5","78.5","0.4","0.0","10.4"
"C.J. Ham","MIN","RB127","4.4","13.4","0.3","9.5","59.2","0.2","0.0","10.4"
"Giovanni Ricci","CAR","TE103","4.7","10.2","0.1","5.6","74.1","0.2","0.0","10.2"
"Deneric Prince","KC","RB128","23.7","73.9","0.0","0.0","27.4","0.0","0.1","9.9"
"Hunter Luepke","DAL","RB129","10.5","35.2","0.4","7.4","32.5","0.1","0.0","9.8"
"Jesper Horsted","LV","TE104","0.0","0.4","0.0","5.9","67.1","0.5","0.0","9.7"
"Nate Adkins","DEN","TE105","0.0","0.0","0.0","0.0","79.8","0.3","0.1","9.6"
"Armani Rogers","WAS","TE106","0.0","0.0","0.0","7.3","73.9","0.4","0.1","9.5"
"Eric Tomlinson","IND","TE107","0.0","0.6","0.0","7.4","65.1","0.5","0.0","9.5"
"Justin Shorter","BUF","WR178","0.4","2.4","0.0","0.0","93.7","0.0","0.1","9.4"
"Royce Freeman","LAR","RB130","0.0","57.7","0.3","4.2","14.4","0.1","0.1","9.4"
"John FitzPatrick","ATL","TE108","0.0","2.1","0.0","6.6","53.3","0.6","0.0","9.1"
"Jalen Guyton","LAC","WR179","0.7","2.8","0.0","0.0","86.4","0.0","0.0","8.9"
"Maurice Alexander","DET","WR180","0.0","0.0","0.0","4.9","65.2","0.4","0.0","8.9"
"Elijah Dotson","LAC","RB131","11.3","45.5","0.4","4.5","17.6","0.1","0.0","8.9"
"Andrew Beck","HOU","TE109","0.0","6.5","0.0","7.8","61.7","0.3","0.0","8.9"
"Curtis Hodges","WAS","TE110","0.0","0.6","0.0","6.3","55.5","0.5","0.0","8.6"
"Reggie Gilliam","BUF","RB132","2.2","7.2","0.1","8.5","48.8","0.4","0.0","8.6"
"Brayden Willis","SF","TE111","0.0","0.1","0.0","5.4","57.9","0.5","0.0","8.5"
"Jalen Reagor","NE","WR181","1.3","12.1","0.1","3.8","57.5","0.2","0.1","8.4"
"MyCole Pruitt","ATL","TE112","0.0","0.0","0.0","3.2","55.1","0.5","0.0","8.4"
"Charlie Woerner","SF","TE113","0.0","0.8","0.0","5.4","63.1","0.4","0.1","8.4"
"Shane Zylstra","DET","TE114","0.0","0.0","0.0","3.9","66.1","0.3","0.1","8.4"
"Andrew Ogletree","IND","TE115","0.0","0.1","0.0","5.2","57.5","0.4","0.0","8.4"
"Jason Cabinda","DET","LB1","9.1","22.4","0.2","4.4","33.3","0.3","0.0","8.2"
"Grant Calcaterra","PHI","TE116","0.0","0.3","0.0","3.2","65.3","0.3","0.1","8.2"
"Antoine Green","DET","WR182","0.1","1.6","0.0","6.0","60.7","0.3","0.0","8.2"
"Cody Thompson","SEA","WR183","0.0","1.0","0.0","6.3","60.2","0.3","0.0","8.2"
"Denzel Mims","PIT","WR184","0.0","0.1","0.0","2.8","72.9","0.1","0.0","8.0"
"Dax Milne","WAS","WR185","2.7","11.4","0.1","5.1","56.8","0.2","0.3","8.0"
"Tom Kennedy","DET","WR186","0.0","0.0","0.0","4.2","56.9","0.4","0.0","7.9"
"Demetric Felton Jr.","CIN","RB133","5.8","29.1","0.1","5.8","32.4","0.1","0.0","7.8"
"J.J. Taylor","HOU","RB134","2.2","38.4","0.3","4.1","17.2","0.1","0.0","7.8"
"Ronnie Rivers","LAR","RB135","11.4","38.6","0.1","4.4","25.9","0.1","0.1","7.8"
"Matthew Slater","NE","WR187","0.0","1.5","0.0","2.8","59.7","0.2","0.0","7.5"
"Patrick Taylor Jr.","GB","RB136","3.1","42.4","0.3","2.1","7.6","0.1","0.0","7.2"
"Matt Sokol","NE","TE117","0.0","0.9","0.0","4.5","46.9","0.4","0.0","7.1"
"Cam Sims","CAR","WR188","0.1","0.3","0.0","6.8","59.2","0.2","0.0","7.0"
"Ihmir Smith-Marsette","CAR","WR189","0.2","1.3","0.0","4.3","58.0","0.2","0.1","7.0"
"Patrick Ricard","BAL","RB137","3.7","13.2","0.1","7.3","34.1","0.3","0.1","6.9"
"Easop Winston Jr.","SEA","WR190","0.0","3.9","0.0","3.3","48.8","0.3","0.0","6.8"
"Zach Gentry","LV","TE118","0.0","0.3","0.0","5.5","57.4","0.1","0.0","6.6"
"Josh Ali","ATL","WR191","0.1","2.6","0.0","4.9","50.1","0.2","0.0","6.6"
"Nick Vannett","LAC","TE119","0.0","0.6","0.0","2.3","42.0","0.4","0.0","6.5"
"Tim Jones","JAC","WR192","0.1","1.0","0.0","3.9","52.2","0.2","0.1","6.4"
"Andrei Iosivas","CIN","WR193","0.5","1.8","0.0","0.6","62.0","0.0","0.1","6.4"
"Tyler Davis","GB","TE120","0.0","0.1","0.0","4.1","40.0","0.4","0.0","6.1"
"Jalen Brooks","DAL","WR194","0.2","1.5","0.0","0.0","58.4","0.0","0.0","6.0"
"Montrell Washington","KC","WR195","0.2","9.6","0.0","2.5","43.8","0.1","0.0","5.9"
"Pharaoh Brown","NE","TE121","0.0","0.6","0.0","6.2","52.2","0.1","0.0","5.9"
"James Proche II","CLE","WR196","0.0","2.4","0.0","0.7","47.5","0.1","0.0","5.8"
"Miles Boykin","PIT","WR197","0.0","0.2","0.0","3.2","46.4","0.1","0.0","5.5"
"Danny Gray","SF","WR198","0.4","1.7","0.0","1.5","50.4","0.1","0.1","5.5"
"Kenny Yeboah","NYJ","TE122","0.0","0.0","0.0","0.0","35.0","0.3","0.0","5.3"
"Shi Smith","TEN","WR199","0.1","0.2","0.0","2.4","46.4","0.1","0.1","5.3"
"Chris Brooks","MIA","RB138","12.0","33.8","0.1","1.6","11.5","0.0","0.1","5.2"
"Bo Melton","GB","WR200","0.1","1.7","0.0","3.7","39.7","0.1","0.0","5.0"
"Keelan Cole Sr.","LV","WR201","0.0","0.0","0.0","3.3","38.8","0.2","0.0","4.9"
"Henry Pearson","GB","RB139","0.0","13.1","0.1","3.7","16.4","0.2","0.0","4.9"
"Cody White","SEA","WR202","0.0","0.0","0.0","3.3","38.4","0.2","0.0","4.9"
"Michael Woods II","CLE","WR203","0.0","0.0","0.0","3.1","38.4","0.2","0.0","4.9"
"Alex Bachman","HOU","WR204","0.0","0.0","0.0","3.3","38.2","0.2","0.0","4.8"
"Jake Bobo","SEA","WR205","0.2","1.2","0.0","0.0","46.6","0.0","0.0","4.8"
"Freddie Swain","MIA","WR206","0.0","1.0","0.0","2.5","33.6","0.2","0.0","4.7"
"Andy Isabella","BUF","WR207","0.1","6.8","0.1","1.3","32.7","0.1","0.0","4.7"
"Adam Prentice","NO","RB140","2.4","13.6","0.1","4.3","17.8","0.1","0.0","4.5"
"N'Keal Harry","MIN","WR208","0.4","2.9","0.0","0.0","43.5","0.0","0.1","4.4"
"Frank Darby","ATL","WR209","0.0","0.6","0.0","1.8","34.7","0.2","0.0","4.4"
"David Moore","TB","WR210","0.5","3.9","0.0","0.0","41.9","0.0","0.1","4.4"
"Anthony Schwartz","MIA","WR211","1.2","11.8","0.1","0.0","27.5","0.0","0.1","4.3"
"Jaret Patterson","WAS","RB141","0.0","24.7","0.2","0.8","5.2","0.0","0.0","4.2"
"Michael Burton","DEN","RB142","4.7","14.7","0.1","3.6","14.0","0.1","0.0","4.2"
"Gerrit Prince","KC","TE123","0.0","0.0","0.0","0.0","24.2","0.3","0.0","4.2"
"Nick Muse","MIN","TE124","0.0","0.0","0.0","0.0","24.2","0.3","0.0","4.2"
"Blake Whiteheart","ARI","TE125","0.0","0.0","0.0","0.0","24.2","0.3","0.0","4.2"
"Tanner Taula","TB","TE126","0.0","0.0","0.0","0.0","24.2","0.3","0.0","4.2"
"Feleipe Franks","ATL","QB1","0.0","0.0","0.0","3.1","28.9","0.2","0.0","4.2"
"Tylan Wallace","BAL","WR212","0.3","1.0","0.0","1.7","37.8","0.1","0.1","4.2"
"Jalen Camp","CAR","WR213","0.0","6.7","0.0","0.9","26.3","0.1","0.0","4.2"
"Noah Togiai","PHI","TE127","0.0","1.0","0.0","2.0","21.1","0.3","0.0","4.1"
"Seth Williams","JAC","WR214","0.0","1.4","0.0","2.2","27.8","0.2","0.0","4.1"
"Parker Hesse","ATL","TE128","0.0","0.6","0.0","2.9","27.8","0.2","0.0","4.0"
"Greg Ward","PHI","WR215","0.0","0.2","0.0","2.5","30.2","0.2","0.0","3.9"
"Stanley Morgan Jr.","CIN","WR216","0.0","1.9","0.0","1.6","31.9","0.1","0.0","3.9"
"Jack Colletto","PIT","RB143","0.0","7.3","0.1","3.6","16.3","0.2","0.0","3.9"
"Jake Tonges","SF","TE129","0.0","0.0","0.0","2.7","26.3","0.2","0.0","3.8"
"Chris Conley","SF","WR217","0.0","0.1","0.0","0.0","37.2","0.0","0.0","3.7"
"Godwin Igwebuike","PIT","RB144","0.0","3.9","0.1","6.6","23.7","0.1","0.0","3.7"
"Tyree Jackson","NYG","TE130","0.0","0.6","0.0","1.2","20.1","0.3","0.0","3.7"
"Elijah Cooks","JAC","WR218","0.1","0.9","0.0","0.0","34.9","0.0","0.0","3.6"
"Kearis Jackson","TEN","WR219","0.1","0.9","0.0","0.0","34.9","0.0","0.0","3.6"
"Tanner Conner","MIA","TE131","0.1","0.9","0.0","0.0","34.9","0.0","0.0","3.6"
"Austin Watkins Jr.","CLE","WR220","0.1","0.9","0.0","0.0","34.9","0.0","0.0","3.6"
"Irvin Charles","NYJ","WR221","0.1","0.9","0.0","0.0","34.9","0.0","0.0","3.6"
"Xavier Gipson","NYJ","WR222","0.1","0.9","0.0","0.0","34.9","0.0","0.0","3.6"
"Mitchell Tinsley","WAS","WR223","0.1","0.9","0.0","0.0","34.9","0.0","0.0","3.6"
"Jakob Johnson","LV","RB145","3.8","10.0","0.1","4.6","15.1","0.1","0.0","3.6"
"D.J. Montgomery","IND","WR224","0.2","1.5","0.0","0.0","33.7","0.0","0.0","3.5"
"Malik Taylor","NYJ","WR225","0.2","1.5","0.0","0.0","33.7","0.0","0.0","3.5"
"David Sills","DEN","WR226","0.2","1.5","0.0","0.0","33.7","0.0","0.0","3.5"
"Kristian Wilkerson","LV","WR227","0.2","1.5","0.0","0.0","33.7","0.0","0.0","3.5"
"Andre Baccellia","ARI","WR228","0.2","1.5","0.0","0.0","33.7","0.0","0.0","3.5"
"Mike Strachan","CAR","WR229","0.2","1.5","0.0","0.0","33.7","0.0","0.0","3.5"
"Lance McCutcheon","NYJ","WR230","0.0","0.5","0.0","2.2","28.5","0.1","0.0","3.5"
"Devin Asiasi","TEN","TE132","0.0","0.3","0.0","0.7","21.3","0.2","0.0","3.5"
"Trent Taylor","CHI","WR231","0.3","4.1","0.0","1.3","25.4","0.1","0.0","3.4"
"Joseph Ngata","PHI","WR232","0.0","1.4","0.0","1.9","23.7","0.1","0.0","3.3"
"Alex Erickson","LAC","WR233","0.5","2.5","0.0","0.0","34.2","0.0","0.2","3.3"
"Kevin Rader","TEN","TE133","0.0","0.6","0.0","0.8","16.2","0.3","0.0","3.3"
"Quintez Cephus","DET","WR234","0.0","0.0","0.0","0.0","31.1","0.0","0.0","3.1"
"Colton Dowell","TEN","WR235","0.1","1.0","0.0","1.5","26.2","0.1","0.0","3.1"
"Nick Bellore","SEA","LB2","4.4","9.3","0.0","2.3","15.7","0.1","0.0","3.1"
"Sean McKeon","DAL","TE134","0.0","0.6","0.0","1.1","13.0","0.3","0.0","3.0"
"Khari Blasingame","CHI","RB146","2.8","9.0","0.1","2.6","8.2","0.1","0.0","2.7"
"Jaelon Darden","CLE","WR236","0.0","2.6","0.0","0.6","19.6","0.1","0.0","2.5"
"Keith Smith","ATL","RB147","2.7","8.3","0.1","2.7","7.6","0.1","0.0","2.5"
"Racey McMath","DAL","WR237","0.2","1.3","0.0","0.7","21.5","0.0","0.0","2.4"
"Lil'Jordan Humphrey","DEN","WR238","0.0","0.0","0.0","0.3","22.1","0.0","0.0","2.3"
"Laquon Treadwell","BAL","WR239","0.0","0.1","0.0","0.3","21.8","0.0","0.0","2.3"
"Ellis Merriweather","GB","RB148","0.0","10.2","0.1","0.5","3.7","0.0","0.0","2.0"
"Tyler Goodson","IND","RB149","0.0","10.2","0.1","0.5","2.6","0.0","0.0","1.9"
"Tyler Mabry","SEA","TE135","0.0","0.2","0.0","0.8","7.8","0.1","0.0","1.3"
"Nick Bawden","NYJ","RB150","0.0","1.1","0.0","2.9","4.6","0.1","0.0","1.2"
"Trey Sermon","IND","RB151","3.1","8.4","0.0","0.0","2.9","0.0","0.0","1.1"
"Jake Funk","BAL","RB152","0.0","3.4","0.0","0.3","3.6","0.0","0.0","1.0"
"Ben Mason","BAL","RB153","0.0","0.0","0.0","0.3","2.0","0.0","0.0","0.2"
"Juwann Winfree","IND","WR240","0.0","0.0","0.0","0.0","0.0","0.0","0.0","0.0"
"Darrynton Evans","MIA","RB154","0.0","0.0","0.0","0.0","0.0","0.0","0.0","0.0"
"Tony Jones Jr.","ARI","RB155","0.0","0.0","0.0","0.0","0.0","0.0","0.0","0.0"
"Mohamed Ibrahim","DET","RB156","0.0","0.0","0.0","0.0","0.0","0.0","0.0","0.0"
"Scotty Washington","BAL","WR241","0.0","0.0","0.0","0.0","0.0","0.0","0.0","0.0"
"La'Mical Perine","KC","RB157","0.0","0.0","0.0","0.0","0.0","0.0","0.0","0.0"
""
""